number_of_elements,number_of_collisions
0.0976562,8
0.195312,19
0.292969,42
0.390625,75
0.488281,106
0.585938,149
0.683594,196
0.78125,241
0.878906,302
0.976562,378
1.07422,440
1.17188,498
1.26953,575
1.36719,654
1.46484,730
1.5625,805
1.66016,882
1.75781,965
1.85547,1044
1.95312,1135
